code,desc1,desc2,desc3,desc4,unit,1974,1975,1976,1977,1978,1979,1980,1981,1982,1983,1984,1985,1986,1987,1988,1989,1990,1991,1992,1993,1994,1995,1996,1997,1998,1999,2000,2001,2002,2003,2004,2005,2006,2007,2008,2009,2010,2011,2012,2013,2014
cat520,Milk and milk products excluding cheese,,,,ml,2978,2987,2961,2855,2809,2765,2687,2612,2578,2522,2526,2414,2431,2383,2351,2305,2235,2197,2298,2252,2265,2245,2180,2173,2127,2086,2164,2033,2006,2041,1996,2027,2022,1984,1957,2003,1897,1904,1901,1847,1849
4006,Milk and milk products excluding cheese,"Liquid wholemilk, including school and welfare",,,ml,2687,2715,2679,2579,2523,2450,2371,2287,2258,2172,2064,1904,1743,1648,1526,1388,1242,1113,1003,905,877,818,788,725,705,646,680,609,572,602,497,475,490,432,420,421,352,355,297,285,263
501,Milk and milk products excluding cheese,"Liquid wholemilk, including school and welfare",School milk (d),,ml,17,10,11,13,11,12,13,21,19,33,31,34,41,34,26,22,18,13,17,20,19,19,14,12,13,13,12,,,,,,,,,,,,,,
601,Milk and milk products excluding cheese,"Liquid wholemilk, including school and welfare",Welfare milk (i),,ml,15,19,13,13,13,13,9,8,6,12,5,10,11,12,8,5,7,9,18,17,17,14,12,16,13,17,15,10,16,17,12,15,12,11,10,9,,,,,
4,Milk and milk products excluding cheese,"Liquid wholemilk, including school and welfare","Liquid wholemilk, full price",,ml,2655,2686,2655,2553,2499,2424,2349,2258,2232,2127,2028,1860,1691,1602,1492,1360,1217,1091,968,868,842,785,762,697,678,616,653,599,555,585,484,460,477,420,410,412,352,355,297,285,263
402,Milk and milk products excluding cheese,"Liquid wholemilk, including school and welfare","Liquid wholemilk, full price",UHT milk,ml,27,27,27,26,25,24,23,23,22,21,15,12,14,10,12,11,11,14,12,10,17,11,49,15,13,8,9,8,5,21,18,12,11,11,9,10,8,4,3,3,3
403,Milk and milk products excluding cheese,"Liquid wholemilk, including school and welfare","Liquid wholemilk, full price",Sterilised,ml,133,134,133,128,125,121,117,113,112,106,101,129,112,95,86,70,56,48,52,35,39,33,33,27,31,24,28,26,21,5,5,5,4,2,3,2,1,2,2,1,2
404,Milk and milk products excluding cheese,"Liquid wholemilk, including school and welfare","Liquid wholemilk, full price",Pasteurised/ homogenised,ml,2496,2525,2496,2400,2349,2278,2208,2122,2099,1999,1913,1719,1565,1497,1393,1279,1150,1029,904,822,785,740,680,655,635,584,616,565,529,559,461,444,462,407,399,400,343,349,292,282,258
9017,Milk and milk products excluding cheese,Other milk and cream,,,ml,291,272,282,276,287,315,316,325,320,350,462,510,688,735,825,917,992,1085,1295,1347,1388,1427,1392,1448,1422,1439,1484,1424,1435,1439,1499,1552,1532,1552,1537,1583,1545,1549,1604,1562,1586
15,Milk and milk products excluding cheese,Other milk and cream,Skimmed milks,,ml,5,6,5,6,9,11,16,29,38,72,190,249,407,457,539,636,725,795,985,1053,1092,1127,1090,1159,1134,1150,1159,1091,1085,1081,1133,1167,1137,1154,1145,1156,1156,1151,1209,1152,1198
1502,Milk and milk products excluding cheese,Other milk and cream,Skimmed milks,Fully skimmed milk,ml,2,2,2,2,4,4,6,11,15,29,76,100,163,178,182,196,199,204,218,223,212,210,138,159,165,168,165,160,166,154,158,159,163,173,158,165,172,167,158,155,154
1503,Milk and milk products excluding cheese,Other milk and cream,Skimmed milks,Semi-skimmed milk,ml,3,3,3,4,6,7,9,17,23,43,114,149,244,279,357,440,526,591,767,830,880,916,952,1000,969,982,994,931,919,926,975,1008,974,982,987,991,985,984,1051,996,1045
901,Milk and milk products excluding cheese,Other milk and cream,Condensed or evaporated milk,,eq ml,147,131,137,126,104,115,109,94,82,72,63,57,56,53,53,49,37,40,38,34,32,32,30,25,22,23,27,20,21,18,20,19,18,18,17,16,16,18,17,25,17
11,Milk and milk products excluding cheese,Other milk and cream,Infant milks,,eq ml,37,32,30,22,32,41,32,32,29,30,27,28,29,28,31,33,37,32,30,29,33,38,41,36,27,23,38,44,39,38,43,40,47,59,47,69,48,59,53,67,45
1102,Milk and milk products excluding cheese,Other milk and cream,Infant milks,Infant or baby milks - ready to drink,eq ml,4,3,3,2,3,4,3,3,3,3,3,3,3,3,3,3,4,3,3,3,3,4,4,4,3,2,4,1,2,2,3,3,5,5,4,5,6,4,5,5,4
1103,Milk and milk products excluding cheese,Other milk and cream,Infant milks,Infant or baby milks - dried,eq ml,33,29,27,19,29,36,29,29,26,27,24,25,26,25,28,30,33,29,27,26,30,34,37,33,25,21,34,43,37,35,40,37,43,54,43,64,43,55,48,61,41
1201,Milk and milk products excluding cheese,Other milk and cream,Instant dried milk,,eq ml,53,57,60,69,76,77,74,81,84,82,76,66,72,68,61,50,41,39,43,27,28,23,19,14,22,14,11,18,14,10,8,9,9,10,7,10,7,5,5,5,4
13,Milk and milk products excluding cheese,Other milk and cream,Yoghurt and fromage frais,,ml,33,29,35,37,45,51,63,63,62,69,81,84,90,93,102,105,112,126,139,139,138,145,146,146,143,149,161,154,163,177,187,201,204,196,202,203,203,200,195,191,191
1301,Milk and milk products excluding cheese,Other milk and cream,Yoghurt and fromage frais,Yoghurt,ml,33,29,35,37,45,51,63,63,62,69,81,84,90,93,102,105,112,126,126,123,123,128,129,127,125,133,142,137,144,158,168,180,182,175,180,182,184,181,175,174,175
1302,Milk and milk products excluding cheese,Other milk and cream,Yoghurt and fromage frais,Fromage frais,ml,,,,,,,,,,,,,,,,,,,14,16,16,17,17,19,19,16,18,17,19,19,19,21,22,22,22,21,19,19,20,17,16
16,Milk and milk products excluding cheese,Other milk and cream,Other milks and dairy desserts,,ml,1,1,1,1,2,3,4,7,9,8,8,7,16,17,22,22,23,31,37,43,44,43,44,47,51,60,66,78,94,97,89,95,95,92,98,104,91,92,100,98,107
1603,Milk and milk products excluding cheese,Other milk and cream,Other milks and dairy desserts,Dairy desserts - not frozen,ml,1,1,1,1,2,2,3,5,7,6,6,6,12,13,17,17,18,24,18,18,21,23,26,26,31,34,35,41,45,46,43,42,41,40,40,44,41,41,41,37,38
1605,Milk and milk products excluding cheese,Other milk and cream,Other milks and dairy desserts,Dried milk products,ml,,,,,,,,,,,,,,,,,,,2,3,2,2,2,2,2,3,3,5,10,10,1,3,3,4,2,2,1,3,4,1,2
1607,Milk and milk products excluding cheese,Other milk and cream,Other milks and dairy desserts,Milk drinks and other milks (e),ml,0,0,0,0,1,1,1,2,2,2,2,2,4,4,5,5,5,7,17,23,21,18,16,19,18,23,29,32,38,41,21,24,24,24,28,30,26,25,28,28,29
1608,Milk and milk products excluding cheese,Other milk and cream,Other milks and dairy desserts,Non-dairy milk substitutes (e),ml,,,,,,,,,,,,,,,,,,,,,,,,,,,,,,,23,25,28,24,27,28,23,23,27,32,37
1701,Milk and milk products excluding cheese,Other milk and cream,Cream,,ml,15,16,15,16,18,17,18,18,17,19,18,18,19,20,19,21,18,22,23,23,21,18,23,20,21,20,22,20,20,20,19,21,22,21,21,23,24,23,25,24,23
22023,Cheese,,,,g,105,107,107,108,105,109,110,110,108,113,109,111,118,116,117,115,113,116,113,109,106,108,110,108,103,103,109,112,112,113,110,116,116,119,111,116,118,118,114,118,111
22,Cheese,Natural cheese,,,g,97,99,99,101,99,102,103,103,100,107,102,103,110,108,109,106,105,107,103,100,96,98,98,97,93,93,97,100,99,99,96,104,103,106,99,105,107,108,104,107,100
2201,Cheese,Natural cheese,Hard cheese - cheddar type,,g,67,67,70,72,70,72,70,74,71,72,71,69,74,74,73,71,72,72,68,66,64,66,61,64,62,62,67,63,62,64,59,65,65,67,62,68,66,67,64,67,61
2202,Cheese,Natural cheese,Hard cheese - other uk or foreign equivalent,,g,20,22,20,17,17,17,18,15,16,18,15,18,17,15,15,15,15,14,16,14,14,13,15,13,12,10,10,13,14,11,12,11,10,11,11,10,9,9,7,7,7
2203,Cheese,Natural cheese,Hard cheese - edam or other foreign,,g,5,6,5,6,5,6,6,6,6,6,6,6,7,7,7,7,7,7,7,7,7,6,9,6,6,7,6,7,8,7,8,7,7,8,7,8,8,7,8,8,7
2205,Cheese,Natural cheese,Cottage cheese,,g,2,2,2,3,3,3,4,4,4,4,4,4,5,5,6,6,5,6,8,7,7,7,7,6,6,7,6,6,6,6,5,6,5,5,4,4,5,4,5,5,5
2206,Cheese,Natural cheese,Soft natural cheese,,g,2,2,2,3,4,4,5,5,4,6,5,6,7,7,8,7,7,7,5,6,5,6,6,8,7,8,8,10,10,12,12,14,15,16,15,16,19,20,19,20,20
2301,Cheese,Processed cheese,,,g,8,8,8,7,7,7,6,7,7,7,7,7,8,8,8,9,9,9,10,9,10,10,12,11,10,10,12,12,12,14,14,12,13,12,12,11,11,11,10,11,10
31041,Carcase meat,,,,g,393,413,396,416,416,436,453,408,396,378,348,357,357,338,334,329,301,304,269,266,250,235,231,231,233,226,235,229,230,225,229,226,238,235,211,212,211,204,196,182,195
31,Carcase meat,Beef and veal,,,g,189,215,196,209,211,212,208,179,181,169,161,167,169,173,163,155,134,137,127,120,118,109,93,101,100,101,113,118,118,119,123,120,128,126,111,112,114,112,104,97,101
3102,Carcase meat,Beef and veal,Beef joints - on the bone,,g,10,25,15,26,16,19,19,5,11,8,8,6,6,10,8,5,6,6,5,3,4,3,6,4,0,0,1,3,2,2,2,2,2,1,1,1,1,1,1,1,1
3103,Carcase meat,Beef and veal,Beef joints - boned,,g,62,68,61,65,66,60,64,55,59,52,46,51,50,49,45,42,36,33,30,26,31,27,17,18,23,22,27,29,29,29,28,25,29,26,21,21,19,20,18,16,17
3104,Carcase meat,Beef and veal,Beef steak - less expensive,,g,42,45,51,53,56,54,51,48,43,44,39,37,39,39,35,34,30,29,27,25,22,20,20,19,19,16,17,16,16,16,16,19,22,18,16,18,18,16,16,14,16
3105,Carcase meat,Beef and veal,Beef steak - more expensive,,g,35,37,26,24,30,27,26,24,22,20,21,23,24,24,24,25,17,19,17,17,17,17,16,22,22,21,23,24,24,25,28,24,24,25,21,19,21,18,18,18,16
3106,Carcase meat,Beef and veal,Minced beef,,g,37,37,41,40,42,49,47,45,46,45,46,48,48,51,49,48,45,50,48,47,43,40,32,35,35,40,44,45,48,47,47,49,51,55,52,51,55,56,50,47,50
3107,Carcase meat,Beef and veal,All other beef and veal,,g,3,3,2,2,1,2,2,1,1,1,1,2,1,1,1,1,1,1,1,1,0,1,2,3,1,2,2,2,1,1,2,1,1,1,0,1,1,0,1,1,0
36,Carcase meat,Mutton and lamb,,,g,113,119,119,112,110,121,128,120,100,109,93,92,85,75,78,84,82,85,70,66,54,54,65,55,58,56,54,51,51,49,50,53,54,55,45,46,44,37,36,35,37
3601,Carcase meat,Mutton and lamb,Mutton,,g,4,4,2,2,2,2,2,2,1,2,1,1,1,1,1,1,0,1,0,1,1,1,2,1,1,1,1,1,1,1,2,2,1,0,1,0,1,1,1,1,1
3602,Carcase meat,Mutton and lamb,Lamb joints,,g,61,66,69,68,68,70,77,73,60,66,54,55,53,45,46,51,49,50,38,35,27,28,34,29,33,31,28,28,29,27,28,28,29,35,21,25,23,19,19,19,22
3603,Carcase meat,Mutton and lamb,Lamb chops,,g,37,39,35,32,30,36,36,32,31,31,30,29,25,24,25,26,25,28,26,21,18,17,18,15,16,16,17,15,14,15,14,16,16,14,15,14,13,11,9,9,9
3604,Carcase meat,Mutton and lamb,All other lamb,,g,11,11,12,11,10,13,12,12,7,10,8,7,6,5,6,6,8,7,6,8,8,8,11,10,9,8,8,7,7,7,6,7,8,6,8,8,7,5,7,6,6
41,Carcase meat,Pork,,,g,91,79,81,94,95,104,118,109,115,101,93,98,103,90,94,90,84,82,72,80,77,71,73,74,75,69,68,61,61,56,56,52,55,54,55,54,53,56,55,51,57
4101,Carcase meat,Pork,Pork joints,,g,43,39,38,49,44,46,57,47,55,42,36,38,45,36,36,36,29,25,22,31,27,25,20,25,25,27,24,21,21,19,18,16,19,20,21,19,19,20,18,16,23
4102,Carcase meat,Pork,Pork chops,,g,32,27,28,29,34,39,39,41,41,41,39,42,39,37,39,37,34,36,32,32,30,28,26,26,24,24,24,21,20,14,16,15,14,12,12,14,10,9,10,8,7
4103,Carcase meat,Pork,Pork fillets and steaks,,g,5,5,4,5,6,6,6,7,6,7,6,7,8,7,8,8,8,10,9,9,11,9,10,10,11,13,13,14,16,12,11,11,12,13,13,12,12,15,16,14,14
4104,Carcase meat,Pork,All other pork,,g,11,8,11,11,12,13,15,14,13,11,12,11,11,10,11,10,13,11,9,8,9,9,17,14,15,5,6,4,3,10,10,10,10,9,9,10,11,11,12,13,12
46095,Non-carcase meat and meat products,,,,g,630,642,656,695,705,724,707,734,728,730,722,712,721,737,727,721,698,691,714,728,732,751,759,752,752,735,779,812,820,836,820,821,804,795,787,787,805,794,793,766,760
46,Non-carcase meat and meat products,Liver,,,g,36,40,41,44,42,38,39,38,37,30,31,29,28,26,23,21,20,17,14,13,11,12,9,9,7,7,6,4,4,5,3,3,3,3,3,3,4,4,4,3,3
4603,Non-carcase meat and meat products,Liver,Ox liver,,g,6,8,10,7,7,7,6,6,6,5,5,5,5,4,3,2,3,2,1,1,1,1,1,1,0,1,1,0,0,1,0,0,0,0,0,0,0,0,0,0,0
4604,Non-carcase meat and meat products,Liver,Lambs liver,,g,20,20,20,23,22,19,18,19,18,17,16,15,14,13,14,11,11,10,8,8,6,6,5,4,5,3,3,2,2,2,2,1,2,1,2,2,2,2,1,2,1
4605,Non-carcase meat and meat products,Liver,Pigs liver,,g,9,10,9,12,12,11,14,13,12,8,10,9,9,9,6,7,6,4,4,4,4,4,3,3,2,2,2,1,1,1,1,1,1,1,1,1,1,1,1,1,1
4607,Non-carcase meat and meat products,Liver,All other liver,,g,1,1,1,1,1,1,1,1,1,0,0,1,1,0,1,0,0,1,1,1,0,0,1,0,0,0,1,1,0,1,0,1,0,1,0,1,1,1,1,1,1
5101,Non-carcase meat and meat products,All offal other than liver,,,g,15,16,15,15,13,13,12,13,10,11,9,9,8,8,7,6,5,5,5,5,4,3,3,3,2,2,2,3,2,3,2,2,1,2,2,2,2,3,2,2,2
55,Non-carcase meat and meat products,"Bacon and ham, uncooked",,,g,116,111,112,120,119,120,116,115,109,111,99,102,102,96,96,92,84,83,75,75,75,74,76,71,74,66,70,68,69,70,70,68,66,64,63,68,70,69,68,64,62
5502,Non-carcase meat and meat products,"Bacon and ham, uncooked","Bacon and ham joints, uncooked",,g,27,26,26,28,29,30,30,30,28,30,25,25,29,27,28,27,22,22,18,20,20,20,21,23,30,24,24,18,20,20,20,20,18,17,18,22,22,23,23,22,20
5505,Non-carcase meat and meat products,"Bacon and ham, uncooked","Bacon and ham rashers, uncooked",,g,89,86,86,93,90,91,87,85,81,81,74,77,73,69,68,65,62,61,58,55,56,54,55,48,44,43,46,49,49,50,50,48,48,47,45,46,48,46,45,43,42
5801,Non-carcase meat and meat products,"Bacon and ham, cooked",,,g,25,26,26,27,29,29,29,30,31,29,30,30,30,31,30,32,31,31,31,32,36,37,31,39,38,37,39,45,45,47,43,44,45,45,45,43,43,43,40,39,40
59,Non-carcase meat and meat products,Cooked poultry not purchased in cans,,,g,5,5,5,5,5,7,6,7,8,8,7,9,10,12,15,12,14,13,14,15,19,23,27,36,37,41,43,44,45,48,49,48,48,43,44,41,41,41,37,38,35
5903,Non-carcase meat and meat products,Cooked poultry not purchased in cans,"Chicken and turkey, cooked",,g,5,4,5,5,4,6,5,6,7,7,6,8,9,11,13,11,12,12,12,14,17,20,18,28,26,29,33,39,39,43,43,42,42,37,39,36,35,35,30,31,28
5904,Non-carcase meat and meat products,Cooked poultry not purchased in cans,Takeaway chicken,,g,1,1,1,1,1,1,1,1,1,1,1,1,1,1,2,1,2,1,2,2,2,3,9,8,11,12,10,5,6,5,6,6,6,6,5,6,7,6,7,6,7
6201,Non-carcase meat and meat products,"Corned beef, canned or sliced",,,g,12,18,20,23,25,22,20,21,23,26,24,24,25,21,26,24,21,20,23,20,21,18,13,15,13,13,12,12,12,12,12,13,12,12,10,11,10,8,7,7,7
6601,Non-carcase meat and meat products,Other cooked meat,,,g,16,16,14,12,13,13,13,13,15,15,14,15,14,14,13,13,10,10,9,9,9,9,18,7,6,6,7,10,11,11,10,12,12,12,12,13,12,13,14,14,14
7102,Non-carcase meat and meat products,Other canned meat and canned meat products,,,g,48,44,45,37,37,40,34,34,32,35,31,35,34,34,36,34,31,30,36,32,34,36,29,30,28,28,30,32,36,36,36,32,29,26,29,27,26,25,22,22,21
7401,Non-carcase meat and meat products,"Chicken, uncooked - whole chicken or chicken pieces",,,g,115,124,131,134,138,147,141,154,150,146,152,146,156,168,168,163,164,165,172,172,160,166,172,169,161,155,170,170,165,168,165,183,181,178,183,183,181,190,192,184,186
77,Non-carcase meat and meat products,"Other poultry, uncooked (including frozen)",,,g,12,16,16,17,14,20,23,25,18,25,26,22,20,28,24,23,26,17,23,28,28,28,37,28,34,26,23,35,34,32,32,29,26,30,23,22,19,17,22,19,20
7703,Non-carcase meat and meat products,"Other poultry, uncooked (including frozen)","Turkey, uncooked - whole turkey or turkey pieces",,g,11,14,15,15,13,17,20,23,16,22,23,20,19,26,22,21,23,15,21,26,26,26,34,24,30,22,19,33,30,28,28,24,22,25,19,17,16,13,18,16,16
7704,Non-carcase meat and meat products,"Other poultry, uncooked (including frozen)","Poultry other than chicken or turkey, uncooked",,g,1,2,2,2,1,3,3,2,2,3,3,2,1,2,2,2,3,3,3,2,3,2,3,4,4,4,3,3,4,4,4,6,4,4,5,5,4,3,4,3,4
7801,Non-carcase meat and meat products,"Other fresh, chilled and frozen meat",,,g,3,2,3,2,2,2,3,3,2,2,2,1,1,1,1,1,1,1,2,1,1,2,1,1,1,1,1,2,1,2,2,1,1,2,4,1,2,2,1,2,2
7901,Non-carcase meat and meat products,"Sausages, uncooked - pork",,,g,59,54,57,59,55,57,54,55,53,49,43,42,38,38,35,35,35,42,39,40,40,43,52,54,52,48,52,54,57,62,61,58,59,59,58,61,62,59,62,57,55
8001,Non-carcase meat and meat products,"Sausages, uncooked - beef and other sausages",,,g,48,45,45,48,54,50,46,49,50,53,50,50,46,44,41,43,39,25,27,25,27,25,17,15,14,15,14,12,9,8,6,6,6,5,4,4,4,5,4,4,4
83,Non-carcase meat and meat products,"Meat pies and sausage rolls, ready to eat",,,g,21,24,23,24,24,23,21,25,23,24,22,21,21,20,19,18,18,18,18,19,22,22,23,23,24,21,23,45,50,35,33,24,26,23,23,23,24,24,22,21,20
8302,Non-carcase meat and meat products,"Meat pies and sausage rolls, ready to eat","Meat pies, ready to eat",,g,16,18,17,18,18,18,16,19,18,18,18,15,15,15,15,13,12,13,13,13,15,15,15,15,15,13,14,35,40,23,22,13,14,11,11,12,12,11,11,12,11
8303,Non-carcase meat and meat products,"Meat pies and sausage rolls, ready to eat","Sausage rolls, ready to eat",,g,5,6,6,6,6,6,5,6,6,6,4,5,6,5,4,5,6,5,5,5,7,7,9,8,9,7,9,10,10,12,11,11,12,12,12,11,12,12,11,9,10
8401,Non-carcase meat and meat products,"Meat pies, pasties and puddings, frozen or not frozen",,,g,27,27,27,19,21,22,21,20,23,25,24,24,27,28,28,26,25,28,34,31,33,33,28,29,29,30,30,35,30,44,43,53,49,50,49,49,52,48,46,43,41
8501,Non-carcase meat and meat products,"Burgers, frozen or not frozen",,,g,11,14,17,24,25,26,28,28,32,24,28,30,27,29,27,27,27,27,28,30,30,30,24,22,23,23,24,23,21,23,21,20,21,20,21,20,22,21,18,18,18
89,Non-carcase meat and meat products,Ready meals and convenience meat products,,,g,27,28,30,47,51,52,53,52,58,63,65,68,73,77,77,80,79,87,89,97,104,106,108,117,121,129,150,145,157,155,155,152,146,148,145,151,161,157,164,164,163
8901,Non-carcase meat and meat products,Ready meals and convenience meat products,"Complete meat-based ready meals, frozen or not frozen",,g,5,5,6,8,9,10,10,11,13,14,16,16,17,19,18,21,21,22,23,26,27,29,40,46,50,52,63,88,97,98,98,94,89,89,83,86,90,87,91,86,85
8902,Non-carcase meat and meat products,Ready meals and convenience meat products,"Other convenience meat products, frozen or not frozen",,g,22,23,24,39,42,42,43,41,46,49,49,52,56,58,58,59,58,65,65,71,77,78,68,71,71,78,87,57,61,56,57,58,57,59,63,66,72,70,73,78,78
93,Non-carcase meat and meat products,Pate and delicatessen type sausage,,,g,6,6,6,8,12,13,17,16,16,16,16,16,17,18,17,17,15,16,16,17,16,17,18,17,15,15,18,15,12,15,14,13,13,13,15,13,17,16,15,16,17
9301,Non-carcase meat and meat products,Pate and delicatessen type sausage,Pate,,g,,,,,,,,,,,,,,,,,,,6,6,6,6,6,6,6,5,6,3,4,3,3,3,3,4,4,3,4,4,4,4,4
9302,Non-carcase meat and meat products,Pate and delicatessen type sausage,Delicatessen type sausages,,g,6,6,6,8,12,13,17,16,16,16,16,16,17,18,17,17,15,16,10,11,11,11,12,11,9,10,12,11,8,11,11,9,9,10,11,9,13,13,12,13,13
9403,Non-carcase meat and meat products,Meat pastes and spreads,,,g,10,10,9,11,6,6,5,6,5,4,5,4,4,3,4,5,4,4,4,4,3,3,3,2,2,3,2,2,2,1,1,1,1,1,1,1,1,1,1,1,1
95,Non-carcase meat and meat products,Takeaway meats,,,g,16,16,15,17,20,23,25,31,32,35,44,36,37,41,40,49,51,52,55,63,59,66,70,65,72,70,63,58,59,60,61,59,57,58,53,51,52,49,49,47,50
9501,Non-carcase meat and meat products,Takeaway meats,Takeaway meat pies and pasties,,g,2,2,2,4,4,4,4,4,5,5,5,4,5,5,5,4,4,5,5,5,5,6,6,4,5,6,4,3,4,3,3,3,3,2,3,2,2,2,2,2,1
9502,Non-carcase meat and meat products,Takeaway meats,Takeaway burger and bun,,g,1,1,1,2,2,2,2,3,3,3,4,4,4,4,4,5,5,5,6,6,6,6,7,6,7,7,6,6,6,6,6,6,5,5,4,4,5,5,6,4,5
9503,Non-carcase meat and meat products,Takeaway meats,Takeaway kebabs,,g,2,1,1,1,2,2,2,3,3,3,4,3,3,4,4,5,5,5,5,6,6,7,7,7,7,7,7,8,9,9,9,9,8,8,9,8,7,8,8,8,10
9504,Non-carcase meat and meat products,Takeaway meats,Takeaway sausages and saveloys,,g,0,0,0,0,1,1,1,1,1,1,1,1,1,1,1,1,1,1,1,2,2,2,2,1,2,2,1,2,3,3,3,2,2,2,2,2,2,2,2,2,2
9505,Non-carcase meat and meat products,Takeaway meats,Takeaway meat based meals,,g,11,11,11,10,12,14,15,20,21,23,29,24,25,28,26,34,35,35,38,43,41,45,48,45,50,48,45,37,38,40,39,39,39,40,34,35,36,32,31,32,32
9506,Non-carcase meat and meat products,Takeaway meats,Takeaway miscellaneous meats,,g,,,,,,,,,,,,,,,,,,,,,,1,1,1,1,1,1,0,0,0,0,0,0,0,0,0,0,0,0,0,0
100123,Fish,,,,g,123,128,131,118,122,129,137,141,144,147,140,140,148,146,146,150,147,141,144,148,148,147,158,149,148,146,144,157,155,156,158,167,170,165,161,158,151,147,144,146,144
102,Fish,"White fish, fresh, chilled or frozen",,,g,44,48,48,45,46,45,48,50,48,48,46,46,47,44,45,45,44,41,36,35,37,37,42,37,36,33,32,36,33,27,26,26,28,24,24,23,20,17,21,19,19
10201,Fish,"White fish, fresh, chilled or frozen","White fish, fresh or chilled",,g,35,37,34,33,33,32,32,33,30,31,30,28,29,26,27,26,24,23,19,20,21,20,21,18,17,16,15,18,17,16,18,19,20,17,16,15,15,13,12,13,13
10202,Fish,"White fish, fresh, chilled or frozen","White fish, frozen",,g,8,11,14,11,13,13,16,16,17,17,16,18,18,17,17,19,19,18,17,16,16,17,21,19,18,16,16,17,16,10,8,7,8,8,8,8,6,5,9,6,7
106,Fish,"Herrings and other blue fish, fresh, chilled or frozen",,,g,3,2,2,2,2,2,3,2,2,3,3,3,3,3,3,3,3,4,4,3,3,4,4,5,5,6,5,6,6,8,6,8,7,8,6,6,5,4,4,4,6
10601,Fish,"Herrings and other blue fish, fresh, chilled or frozen","Herrings and other blue fish, fresh or chilled",,g,3,2,2,2,2,2,3,2,2,3,3,3,3,3,3,3,3,4,4,3,3,4,4,5,5,5,4,5,6,8,6,7,7,7,5,5,5,4,4,3,5
10602,Fish,"Herrings and other blue fish, fresh, chilled or frozen","Herrings and other blue fish, frozen",,g,,,,,,,,,,,,,,,,,,,,,,,,,,1,1,1,1,0,0,0,0,0,1,1,0,1,0,0,0
107,Fish,"Salmon, fresh, chilled or frozen",,,g,2,2,2,2,2,3,4,3,3,2,3,3,4,4,4,5,4,5,6,6,5,6,7,8,9,8,8,9,9,10,10,12,12,12,12,13,12,12,12,13,13
10701,Fish,"Salmon, fresh, chilled or frozen","Salmon, fresh or chilled",,g,2,2,2,2,2,3,4,3,3,2,3,3,4,4,4,5,4,5,6,6,5,6,7,8,9,7,7,9,8,10,10,11,11,11,10,11,11,11,11,12,12
10702,Fish,"Salmon, fresh, chilled or frozen","Salmon, frozen",,g,,,,,,,,,,,,,,,,,,,,,,,,,,1,1,1,1,0,1,1,1,1,2,2,1,1,1,1,1
10801,Fish,"Blue fish, dried or salted or smoked",,,g,6,4,5,5,4,5,5,5,4,5,4,4,5,5,5,6,5,5,5,5,5,4,4,4,4,4,5,5,5,5,6,6,6,6,6,6,6,7,6,7,7
11401,Fish,"White fish, dried, salted or smoked",,,g,5,6,6,5,6,6,7,7,7,6,7,6,7,5,5,5,4,5,4,4,5,5,7,6,5,6,5,4,4,4,4,4,4,4,4,4,3,3,3,3,3
117,Fish,Shellfish,,,g,2,2,2,2,2,2,3,2,3,3,3,4,5,4,5,5,5,6,6,6,5,6,7,7,5,5,6,10,11,11,11,12,13,14,13,14,13,11,10,10,10
11702,Fish,Shellfish,"Shellfish, fresh or chilled",,g,1,1,2,1,2,2,2,2,2,2,2,3,3,3,3,3,3,4,4,4,4,4,5,4,3,3,4,3,4,7,5,5,6,8,7,8,7,6,6,6,6
11703,Fish,Shellfish,"Shellfish, frozen",,g,1,1,1,1,1,1,1,1,1,1,1,1,2,1,2,2,2,2,2,2,2,2,2,2,2,2,2,7,7,4,6,7,7,6,6,6,6,4,4,4,5
11801,Fish,Takeaway fish,,,g,20,18,18,14,17,20,20,21,22,23,19,16,17,20,18,15,15,11,16,17,18,14,11,11,11,11,7,12,11,11,11,10,10,10,9,9,8,8,8,8,7
11901,Fish,"Salmon, tinned",,,g,6,8,5,4,5,5,7,8,5,8,7,6,8,7,7,5,6,9,9,8,9,8,8,8,7,5,7,6,6,6,6,6,5,5,5,4,3,3,2,2,3
12001,Fish,Other tinned or bottled fish,,,g,12,12,14,12,10,11,12,13,14,15,14,15,17,20,20,23,24,23,24,23,23,23,24,23,24,27,27,29,29,28,30,33,31,30,28,27,25,25,25,23,24
12103,Fish,Ready meals and other fish products - frozen or not frozen,,,g,23,23,25,25,24,26,27,28,33,31,32,33,33,32,33,34,33,30,31,36,35,30,29,28,28,26,28,36,38,43,45,49,50,50,51,50,51,54,52,54,49
123,Fish,Takeaway fish meals and fish products,,,g,2,2,2,2,2,2,2,2,2,2,2,2,2,3,3,3,3,3,3,4,4,11,15,14,15,14,14,3,3,2,2,3,3,2,2,2,2,3,3,2,3
12304,Fish,Takeaway fish meals and fish products,Takeaway fish products,,g,0,0,0,0,0,0,0,0,0,0,0,0,0,1,1,1,1,1,1,1,1,1,2,1,1,1,1,1,1,1,1,1,1,1,1,1,1,1,0,0,0
12305,Fish,Takeaway fish meals and fish products,Takeaway fish based meals,,g,2,2,2,1,2,2,2,2,2,2,2,2,2,2,2,3,3,2,3,3,3,10,13,12,14,13,13,2,2,2,2,2,2,2,2,2,2,2,3,2,2
12901,Eggs,,,,no.,4,4,4,4,4,4,3,3,3,3,3,3,3,3,2,2,2,2,2,2,2,2,2,2,2,2,2,2,2,2,2,2,2,2,2,2,2,2,2,2,2
135148,Fats,,,,g,316,315,312,314,319,317,324,320,319,311,300,293,308,294,290,279,265,257,256,239,235,227,235,210,201,192,193,196,190,186,182,183,184,181,184,181,183,170,178,171,158
13501,Fats,Butter,,,g,147,147,135,123,119,116,106,97,83,86,75,74,59,56,53,46,42,40,38,37,36,34,37,36,36,35,37,41,37,35,35,38,40,41,40,39,40,40,41,42,40
138,Fats,Margarine,,,g,78,78,91,104,106,109,115,123,130,123,122,113,123,119,114,104,96,94,84,74,46,43,38,27,27,20,22,13,13,12,11,20,18,19,22,24,23,20,24,23,18
13801,Fats,Margarine,Soft margarine,,g,37,34,47,58,71,76,83,84,92,88,93,86,100,99,101,96,90,85,79,70,42,41,31,22,23,17,19,12,12,12,6,18,16,17,20,22,21,18,21,21,16
13802,Fats,Margarine,Other margarine,,g,42,45,44,46,35,33,32,39,38,35,30,27,23,20,14,8,6,9,5,5,4,3,7,5,4,3,4,1,1,1,4,2,2,2,2,2,2,2,3,2,2
13901,Fats,"Lard, cooking fat",,,g,58,62,59,59,60,59,57,57,55,54,48,45,43,36,32,28,25,19,18,17,16,14,13,10,9,8,7,6,5,5,4,4,4,3,3,3,3,2,2,2,2
143,Fats,Vegetable and salad oils,,,ml,22,19,18,19,24,22,32,27,31,30,31,31,41,42,43,44,46,46,52,49,52,52,59,52,52,49,50,58,56,55,55,58,59,57,60,60,60,54,61,58,52
14304,Fats,Vegetable and salad oils,Olive oil,,ml,4,4,4,4,5,4,6,5,6,6,6,6,8,8,9,9,9,9,10,10,10,10,12,10,10,10,10,8,10,10,11,12,13,12,14,14,14,15,14,16,14
14305,Fats,Vegetable and salad oils,Other vegetable and salad oils,,ml,18,15,14,15,20,17,26,22,25,24,25,25,33,33,34,35,37,37,42,39,42,42,47,41,41,39,40,49,46,45,44,46,46,45,46,46,47,39,47,42,38
148,Fats,All other fats,,,g,10,9,9,9,10,11,14,17,20,19,23,29,41,41,48,57,55,57,64,63,85,83,89,86,78,80,77,79,78,79,77,63,64,61,59,55,57,53,50,45,46
14802,Fats,All other fats,Reduced fat spreads,,g,0,0,3,3,3,3,4,5,6,6,0,0,11,11,19,21,20,22,26,27,51,48,55,57,48,51,50,58,55,58,44,39,43,41,40,36,39,33,31,28,27
14803,Fats,All other fats,Low fat spreads,,g,1,1,4,4,4,5,6,8,9,9,13,14,20,21,21,26,27,27,27,27,26,27,27,22,23,22,22,14,15,13,23,16,13,12,11,12,11,13,12,10,11
14805,Fats,All other fats,Suet and dripping,,g,7,7,0,0,0,0,1,1,1,1,2,3,2,1,1,2,1,1,2,2,1,1,1,1,1,1,1,1,1,1,2,1,1,1,1,1,1,1,1,1,1
14807,Fats,All other fats,Imitatation cream,,g,2,1,2,2,2,2,3,3,4,4,9,13,7,7,7,8,7,7,9,7,7,7,6,5,5,6,4,5,7,7,7,6,6,7,7,6,7,6,6,6,6
150154,Sugar and preserves,,,,g,535,470,497,495,481,471,455,451,422,407,381,352,343,320,300,280,263,261,242,233,224,212,222,202,187,169,167,147,146,135,134,129,126,125,127,125,126,126,124,123,109
15001,Sugar and preserves,Sugar,,,g,458,394,427,423,415,405,392,387,361,344,320,294,282,262,243,226,211,206,193,186,178,169,177,157,146,132,130,112,111,102,99,94,92,92,93,90,90,93,91,91,78
15101,Sugar and preserves,Jams and fruit curds,,,g,36,37,35,35,32,32,29,29,30,30,28,26,29,27,26,24,25,26,22,21,21,20,21,21,18,17,17,16,16,15,16,16,16,15,15,15,16,15,14,14,14
15201,Sugar and preserves,Marmalade,,,g,27,26,23,25,21,22,22,22,20,21,21,19,20,19,19,18,17,19,17,16,18,16,15,15,15,14,13,11,11,11,10,11,9,9,10,9,9,8,8,7,6
15301,Sugar and preserves,"Syrup, treacle",,,g,8,7,8,8,7,7,6,6,5,6,4,5,5,5,5,4,5,5,3,3,3,3,4,3,2,3,3,3,3,3,3,3,3,3,3,4,4,4,4,4,3
15401,Sugar and preserves,Honey,,,g,5,5,6,4,6,6,6,6,6,6,7,7,7,7,7,7,6,6,7,6,5,5,5,6,5,4,4,5,4,4,5,6,6,6,6,6,7,6,6,7,7
,"Fresh and processed fruit and vegetables, including potatoes",,,,g,3308,3246,3027,3170,3367,3372,3419,3455,3377,3392,3332,3372,3536,3485,3477,3461,3370,3393,3352,3326,3284,3296,3385,3367,3328,3268,3338,3163,3180,3133,3096,3290,3265,3202,3093,3007,2982,2986,2917,2898,2846
cat730,"Fresh and processed vegetables, including potatoes",,,,g,2578,2508,2266,2445,2618,2575,2562,2602,2552,2517,2480,2547,2595,2533,2502,2472,2408,2368,2352,2317,2245,2227,2297,2235,2172,2137,2149,2006,1973,1943,1927,1998,1952,1921,1894,1864,1849,1836,1810,1783,1751
cat701,Fresh and processed potatoes,,,,g,1437,1378,1107,1256,1371,1372,1313,1358,1339,1309,1293,1340,1290,1279,1240,1217,1199,1164,1147,1137,1084,1077,1111,1042,1012,972,1002,912,873,864,822,842,810,781,776,761,742,746,724,682,671
155155,Fresh and processed potatoes,Fresh potatoes,,,g,1318,1257,1003,1167,1257,1249,1176,1200,1172,1146,1140,1175,1112,1083,1044,1021,1008,969,911,884,820,810,826,764,731,693,727,647,617,600,570,587,565,537,535,514,501,496,478,439,431
15505,Fresh and processed potatoes,Fresh potatoes,Fresh new potatoes (f),,g,610,596,398,408,518,524,468,544,474,503,463,527,499,436,466,426,452,440,420,388,352,335,334,344,314,301,324,288,281,269,95,99,98,93,81,80,77,74,66,65,61
15506,Fresh and processed potatoes,Fresh potatoes,Fresh baking potatoes (f),,g,284,239,284,298,320,293,292,263,296,236,271,274,249,248,210,203,215,211,192,216,189,188,211,162,162,165,154,130,114,114,58,60,65,62,57,53,63,60,56,55,58
15504,Fresh and processed potatoes,Fresh potatoes,Other fresh potatoes (f),,g,423,421,320,461,419,432,416,394,402,408,407,373,364,398,368,391,340,319,299,279,278,287,281,257,255,228,249,230,222,217,416,428,401,381,396,381,361,362,357,319,312
cat710,Fresh and processed potatoes,Processed potatoes,,,g,119,122,104,88,114,123,137,157,167,163,153,166,178,196,195,197,192,194,236,254,265,267,286,277,281,278,275,266,256,264,252,255,246,244,242,247,242,250,246,242,240
197,Fresh and processed potatoes,Processed potatoes,Chips and takeaway chips,,g,81,85,65,56,77,84,92,107,108,101,91,96,103,116,112,111,109,107,135,149,158,156,158,156,159,157,148,152,145,148,138,145,142,142,138,145,141,145,142,132,135
19702,Fresh and processed potatoes,Processed potatoes,Chips and takeaway chips,Chips - frozen or not frozen,g,33,37,30,27,37,40,49,59,65,62,61,68,74,82,82,84,79,84,99,106,113,109,119,114,118,119,121,105,96,102,92,102,100,101,100,109,106,109,107,99,102
19703,Fresh and processed potatoes,Processed potatoes,Chips and takeaway chips,Takeaway chips,g,48,47,35,28,40,45,43,48,44,40,30,28,29,34,30,28,30,23,36,43,45,46,40,42,41,39,28,47,48,46,46,43,42,41,38,36,36,36,35,33,33
19801,Fresh and processed potatoes,Processed potatoes,Instant potato,,g,3,3,5,3,3,3,3,2,2,3,2,2,2,2,2,2,1,2,2,1,1,2,1,1,2,1,2,2,2,2,2,2,2,1,1,2,1,1,1,1,1
19901,Fresh and processed potatoes,Processed potatoes,Canned potatoes,,g,8,8,9,5,5,5,4,4,4,5,6,6,7,7,8,8,7,7,9,9,9,11,9,9,8,7,8,8,5,6,6,5,5,3,5,3,2,4,3,4,3
20002,Fresh and processed potatoes,Processed potatoes,Crisps and potato snacks,,g,20,19,18,17,21,22,24,27,31,34,33,37,39,42,43,44,44,46,51,53,54,56,69,65,64,63,65,59,57,60,58,56,56,55,54,55,57,56,55,57,56
20101,Fresh and processed potatoes,Processed potatoes,"Other potato products, frozen or not frozen",,g,6,8,7,7,9,10,14,17,21,20,21,25,27,30,30,32,29,33,38,41,43,42,48,46,48,49,52,45,47,48,48,46,41,42,43,42,39,44,45,49,46
cat811,"Fresh and processed fruit and vegetables, excluding potatoes",,,,g,1872,1868,1920,1914,1996,1999,2107,2097,2038,2083,2038,2032,2246,2206,2237,2244,2170,2229,2205,2189,2200,2219,2274,2325,2316,2297,2336,2250,2307,2269,2274,2448,2454,2421,2317,2246,2240,2240,2193,2216,2176
cat720,"Fresh and processed vegetables, excluding potatoes",,,,g,1141,1130,1159,1189,1247,1203,1249,1244,1213,1208,1187,1206,1305,1255,1263,1255,1208,1204,1205,1179,1161,1150,1185,1193,1161,1166,1147,1094,1101,1079,1106,1156,1142,1140,1118,1103,1107,1090,1086,1102,1080
162171,"Fresh and processed vegetables, excluding potatoes",Fresh green vegetables,,,g,364,341,338,358,395,322,366,353,328,316,318,287,327,295,304,301,287,269,260,249,254,233,240,257,252,251,246,229,231,228,225,235,221,224,203,201,192,189,183,179,181
16201,"Fresh and processed vegetables, excluding potatoes",Fresh green vegetables,Fresh cabbages,,g,129,136,141,137,145,122,131,128,114,116,109,107,108,102,97,93,88,81,69,67,67,62,61,62,57,54,51,47,45,43,45,46,42,43,39,38,36,34,31,31,34
16301,"Fresh and processed vegetables, excluding potatoes",Fresh green vegetables,Fresh brussels sprouts,,g,55,46,42,47,63,51,56,51,43,45,42,35,42,36,36,31,29,27,26,25,21,15,18,22,19,18,15,15,16,14,15,14,14,14,13,14,12,10,11,10,9
16401,"Fresh and processed vegetables, excluding potatoes",Fresh green vegetables,Fresh cauliflower,,g,87,71,68,71,82,56,76,82,74,72,76,57,77,60,74,68,67,79,89,80,89,78,77,87,91,84,82,73,76,76,72,79,71,73,66,64,57,59,59,57,57
167,"Fresh and processed vegetables, excluding potatoes",Fresh green vegetables,Leafy salads fresh,,g,36,40,38,38,40,39,41,38,42,41,43,40,48,47,48,54,51,56,55,52,53,56,56,57,54,58,60,63,61,63,62,61,62,59,53,53,56,53,51,51,51
16701,"Fresh and processed vegetables, excluding potatoes",Fresh green vegetables,Leafy salads fresh,Lettuce and leafy salads,g,36,40,38,38,40,39,41,38,42,41,43,40,48,47,48,54,51,56,55,52,53,56,56,57,54,58,60,63,43,44,44,44,44,40,37,36,37,34,33,31,32
16702,"Fresh and processed vegetables, excluding potatoes",Fresh green vegetables,Leafy salads fresh,Prepared lettuce salads,g,,,,,,,,,,,,,,,,,,,,,,,,,,,,,18,19,18,17,18,18,16,18,19,18,19,19,18
16801,"Fresh and processed vegetables, excluding potatoes",Fresh green vegetables,Fresh peas,,g,13,11,9,17,13,12,10,13,13,9,8,9,12,11,9,11,11,3,3,3,4,4,4,6,6,6,6,5,5,6,4,6,6,6,5,5,5,5,4,5,5
16901,"Fresh and processed vegetables, excluding potatoes",Fresh green vegetables,Fresh beans,,g,38,30,31,41,44,39,44,35,36,26,32,32,29,29,29,29,25,19,15,19,18,15,18,17,20,24,22,22,23,22,22,23,19,23,20,19,19,22,20,17,19
17101,"Fresh and processed vegetables, excluding potatoes",Fresh green vegetables,Other fresh green vegetables,,g,7,7,8,8,8,4,9,7,5,7,7,5,10,10,12,14,15,4,3,3,3,3,7,6,7,8,10,4,5,4,5,6,6,7,6,6,6,6,7,8,8
172183,"Fresh and processed vegetables, excluding potatoes",Other fresh vegetables,,,g,404,405,424,432,463,456,466,462,457,460,447,461,494,491,492,503,475,477,491,494,480,486,504,512,499,513,506,502,505,505,536,567,566,566,557,552,565,550,551,569,564
17201,"Fresh and processed vegetables, excluding potatoes",Other fresh vegetables,Fresh carrots,,g,87,80,94,96,113,108,108,105,106,104,107,114,120,120,120,121,116,119,121,122,118,114,114,120,117,115,114,102,99,99,104,107,107,110,108,103,102,100,101,100,102
17301,"Fresh and processed vegetables, excluding potatoes",Other fresh vegetables,Fresh turnips and swede,,g,40,39,38,37,41,39,43,35,39,42,33,34,35,41,35,30,29,31,34,35,32,33,32,34,30,28,29,23,24,23,23,22,22,21,19,17,17,16,14,15,13
17401,"Fresh and processed vegetables, excluding potatoes",Other fresh vegetables,Other fresh root vegetables,,g,24,20,24,26,27,24,24,21,24,21,21,21,24,24,21,22,22,20,22,21,19,18,24,22,23,26,20,25,28,24,32,35,39,38,39,39,41,39,37,45,44
17501,"Fresh and processed vegetables, excluding potatoes",Other fresh vegetables,"Fresh onions, leeks and shallots",,g,87,85,82,91,98,97,96,100,91,101,89,97,101,98,100,104,93,87,94,98,94,93,100,99,94,98,98,98,100,96,102,112,107,106,113,113,110,113,109,114,109
17601,"Fresh and processed vegetables, excluding potatoes",Other fresh vegetables,Fresh cucumbers,,g,22,24,27,26,26,27,29,30,30,28,30,30,32,33,34,35,35,36,36,33,35,35,34,35,34,36,37,37,37,40,42,42,42,42,39,41,42,42,42,45,47
17701,"Fresh and processed vegetables, excluding potatoes",Other fresh vegetables,Fresh mushrooms,,g,13,14,14,14,15,15,16,18,16,19,22,22,26,25,27,29,29,33,32,34,34,36,37,37,36,36,37,37,35,35,35,36,36,37,34,33,35,34,34,34,35
17801,"Fresh and processed vegetables, excluding potatoes",Other fresh vegetables,Fresh tomatoes,,g,106,112,114,110,107,114,111,115,116,111,110,105,110,106,109,114,106,99,97,95,94,98,97,100,98,103,98,97,96,98,99,99,100,95,89,88,93,85,85,87,83
183,"Fresh and processed vegetables, excluding potatoes",Other fresh vegetables,Miscellaneous fresh vegtables,,g,24,30,31,31,34,32,39,37,36,35,36,38,45,44,46,48,46,51,54,56,54,60,67,65,65,71,72,83,86,90,99,114,113,117,116,117,125,121,129,130,131
18301,"Fresh and processed vegetables, excluding potatoes",Other fresh vegetables,Miscellaneous fresh vegtables,"Fresh vegetable stewpack, stirfry pack etc.",g,4,5,5,5,6,5,6,6,6,6,6,6,7,7,8,8,8,8,9,9,9,10,11,11,11,12,12,13,15,16,20,25,25,28,31,29,29,27,29,29,29
18302,"Fresh and processed vegetables, excluding potatoes",Other fresh vegetables,Miscellaneous fresh vegtables,Fresh stem vegetables,g,5,7,7,7,8,7,9,8,8,8,8,9,10,10,10,11,10,12,12,13,12,13,15,15,15,16,16,22,24,23,24,27,26,27,22,25,26,25,23,24,24
18303,"Fresh and processed vegetables, excluding potatoes",Other fresh vegetables,Miscellaneous fresh vegtables,"Fresh marrow, courgettes, aubergine, pumpkin and other vegetables",g,12,14,15,15,17,16,19,18,17,17,18,19,22,21,22,23,22,25,26,27,26,29,32,31,31,34,35,44,44,47,51,58,58,58,58,58,64,65,70,71,73
18304,"Fresh and processed vegetables, excluding potatoes",Other fresh vegetables,Miscellaneous fresh vegtables,Fresh herbs,g,3,4,4,4,4,4,5,5,5,4,5,5,6,6,6,6,6,7,7,7,7,8,9,8,8,9,9,3,4,4,4,4,5,5,4,5,5,5,5,6,5
cat702,"Fresh and processed vegetables, excluding potatoes",Processed vegetables excluding processed potatoes,,,g,372,385,397,399,389,425,417,429,428,431,422,459,484,468,466,452,446,458,454,436,427,431,442,425,410,401,395,363,365,346,345,354,355,350,358,350,350,351,352,354,334
18401,"Fresh and processed vegetables, excluding potatoes",Processed vegetables excluding processed potatoes,"Tomatoes, canned or bottled",,g,31,31,35,38,38,41,46,50,45,47,44,52,59,49,53,48,49,51,56,55,52,53,55,50,47,46,48,47,47,46,46,48,48,50,54,53,54,53,53,58,55
18501,"Fresh and processed vegetables, excluding potatoes",Processed vegetables excluding processed potatoes,"Peas, canned",,g,88,85,87,78,76,83,69,73,78,71,68,71,67,61,58,54,48,46,44,39,37,41,39,34,34,29,33,32,31,29,27,25,24,24,21,21,19,18,19,15,14
188,"Fresh and processed vegetables, excluding potatoes",Processed vegetables excluding processed potatoes,Beans canned,,g,113,119,125,124,122,128,125,129,130,139,139,139,150,143,145,139,137,136,133,124,123,129,138,135,130,124,126,114,111,100,101,105,107,104,108,109,109,107,103,104,96
18802,"Fresh and processed vegetables, excluding potatoes",Processed vegetables excluding processed potatoes,Beans canned,Baked beans in sauce,g,100,106,111,110,109,114,111,115,116,124,124,123,133,128,129,124,122,121,118,110,109,120,124,123,119,111,113,102,99,89,89,90,92,90,95,93,93,91,86,87,80
18803,"Fresh and processed vegetables, excluding potatoes",Processed vegetables excluding processed potatoes,Beans canned,Other canned beans and pulses,g,12,13,14,14,13,14,14,14,14,15,15,15,16,16,16,15,15,15,15,14,13,9,14,11,11,12,13,12,13,11,12,15,15,14,14,16,16,17,17,17,17
19101,"Fresh and processed vegetables, excluding potatoes",Processed vegetables excluding processed potatoes,Other canned vegetables,,g,43,41,40,37,33,40,39,39,36,38,34,41,39,37,37,34,34,37,38,33,27,29,32,32,29,28,29,24,26,23,23,24,23,22,22,20,20,17,19,18,16
19201,"Fresh and processed vegetables, excluding potatoes",Processed vegetables excluding processed potatoes,Dried pulses other than air-dried,,g,10,10,10,9,13,10,10,13,10,12,8,10,13,11,10,10,8,7,8,6,6,6,6,6,7,8,6,4,7,4,10,8,8,8,11,7,7,9,8,10,7
19501,"Fresh and processed vegetables, excluding potatoes",Processed vegetables excluding processed potatoes,Air-dried vegetables,,g,1,1,1,1,1,1,0,0,0,0,0,0,0,0,0,0,0,1,0,0,1,0,2,1,1,0,1,0,0,1,1,0,0,0,0,0,0,0,0,0,0
196,"Fresh and processed vegetables, excluding potatoes",Processed vegetables excluding processed potatoes,Vegetable juices and purees,,ml,4,3,3,4,3,4,4,4,3,5,4,6,6,6,7,8,6,7,9,7,7,6,6,7,8,7,7,9,10,7,9,8,9,9,9,8,8,9,8,7,7
19602,"Fresh and processed vegetables, excluding potatoes",Processed vegetables excluding processed potatoes,Vegetable juices and purees,Tomato puree and vegetable purees,ml,3,2,2,3,2,3,3,3,2,4,3,4,4,4,5,6,4,5,6,5,5,4,4,5,6,5,5,5,5,3,3,3,3,4,4,4,4,4,4,4,4
19603,"Fresh and processed vegetables, excluding potatoes",Processed vegetables excluding processed potatoes,Vegetable juices and purees,"Vegetable juices eg tomato juice, carrot juice",ml,1,1,1,1,1,1,1,1,1,2,1,2,2,2,2,2,2,2,3,2,2,2,2,2,3,2,2,4,6,5,6,5,6,5,5,4,4,5,5,3,4
20301,"Fresh and processed vegetables, excluding potatoes",Processed vegetables excluding processed potatoes,"Peas, frozen",,g,42,48,48,55,54,57,61,58,59,53,55,53,56,59,57,53,57,57,47,50,49,43,41,43,38,38,36,29,29,30,28,29,29,29,30,28,29,31,31,30,28
20401,"Fresh and processed vegetables, excluding potatoes",Processed vegetables excluding processed potatoes,"Beans, frozen",,g,15,16,14,17,16,19,18,19,16,16,16,17,17,18,17,16,13,15,13,13,13,13,9,9,9,8,8,6,5,5,5,4,4,4,4,4,3,3,4,4,3
206,"Fresh and processed vegetables, excluding potatoes",Processed vegetables excluding processed potatoes,Ready meals and other vegetable products (inc takeaways),,g,10,10,10,9,11,13,12,12,12,16,17,18,25,28,32,34,36,40,46,51,54,51,57,54,54,61,56,60,61,60,63,67,66,64,62,63,67,66,65,67,68
20601,"Fresh and processed vegetables, excluding potatoes",Processed vegetables excluding processed potatoes,Ready meals and other vegetable products (inc takeaways),"Ready meals and other vegetable products, frozen or not frozen",g,8,8,8,8,9,10,9,9,10,13,13,14,20,22,25,26,29,31,36,40,43,43,48,45,45,51,49,49,52,50,51,55,55,54,52,53,58,56,57,59,59
20604,"Fresh and processed vegetables, excluding potatoes",Processed vegetables excluding processed potatoes,Ready meals and other vegetable products (inc takeaways),All vegetable takeaway products,g,2,2,2,2,2,3,3,2,3,3,4,4,5,6,7,7,8,8,10,11,11,8,10,9,9,11,7,11,9,10,11,12,10,9,9,10,9,10,8,8,9
20801,"Fresh and processed vegetables, excluding potatoes",Processed vegetables excluding processed potatoes,Other frozen vegetables,,g,14,20,23,26,22,32,31,33,38,34,37,51,52,55,51,56,58,62,61,58,60,59,56,53,52,53,47,36,37,40,32,35,36,36,36,37,34,37,40,40,38
cat810,Fresh and processed fruit,,,,g,731,738,761,725,749,796,857,853,825,875,851,825,941,952,974,989,962,1025,1000,1010,1039,1068,1088,1132,1155,1131,1189,1157,1206,1190,1168,1292,1313,1281,1199,1143,1133,1150,1107,1114,1096
210231,Fresh and processed fruit,Fresh fruit,,,g,515,511,536,512,531,574,608,585,546,571,554,540,593,592,613,626,624,629,638,636,665,693,705,731,734,729,765,750,794,789,805,856,855,855,790,762,755,764,744,744,766
21001,Fresh and processed fruit,Fresh fruit,Fresh oranges,,g,95,100,96,91,87,90,94,90,80,82,79,72,89,76,92,86,82,77,73,63,67,67,65,64,65,51,55,55,62,64,57,59,55,59,49,45,47,48,50,47,48
21401,Fresh and processed fruit,Fresh fruit,Other fresh citrus fruits,,g,41,43,45,50,53,54,59,56,50,58,54,47,57,61,58,63,54,58,61,62,67,69,67,76,76,71,82,78,92,87,88,92,90,89,83,78,72,76,75,73,79
21701,Fresh and processed fruit,Fresh fruit,Fresh apples,,g,207,198,217,189,204,231,230,214,204,209,201,204,213,208,211,213,209,197,194,186,186,190,181,186,187,174,187,175,172,171,173,179,180,178,162,163,156,149,135,137,131
21801,Fresh and processed fruit,Fresh fruit,Fresh pears,,g,22,21,23,23,19,28,30,34,27,31,31,31,31,32,40,36,40,37,38,40,44,43,44,49,46,45,48,39,42,44,47,47,49,45,42,42,43,44,38,35,37
22101,Fresh and processed fruit,Fresh fruit,Fresh stone fruit,,g,16,10,20,18,22,28,29,26,32,37,34,35,34,44,32,35,31,36,38,38,43,39,49,46,40,58,58,65,72,67,68,78,72,68,60,60,56,58,55,58,62
22201,Fresh and processed fruit,Fresh fruit,Fresh grapes,,g,9,9,8,6,7,11,13,16,13,15,14,18,18,20,25,23,24,27,29,30,31,32,35,37,40,46,43,49,50,54,56,67,67,62,58,55,57,53,51,52,56
22701,Fresh and processed fruit,Fresh fruit,Other fresh soft fruit,,g,16,17,15,20,22,20,32,25,28,26,26,21,25,22,21,22,20,21,16,15,18,19,21,20,21,20,21,26,30,31,35,40,41,48,44,47,47,46,50,47,51
22801,Fresh and processed fruit,Fresh fruit,Fresh bananas,,g,84,85,86,88,87,85,91,92,87,85,86,83,91,95,106,118,130,135,150,158,169,184,192,203,205,210,214,203,208,211,217,225,226,230,219,205,204,220,214,219,221
22901,Fresh and processed fruit,Fresh fruit,Fresh melons,,g,5,6,6,4,5,6,7,9,6,9,9,10,11,12,11,11,14,17,17,21,18,24,23,23,26,26,27,38,41,38,38,37,39,37,33,28,30,31,33,33,37
23101,Fresh and processed fruit,Fresh fruit,Other fresh fruit,,g,20,22,19,22,23,20,24,23,20,20,20,18,22,21,19,18,20,23,21,24,22,27,27,27,29,28,30,22,24,22,28,31,36,40,41,39,44,39,43,42,42
233248,Fresh and processed fruit,Processed fruit and fruit products,,,g,216,228,226,213,218,222,250,268,278,304,297,286,348,359,361,362,338,396,362,373,374,375,383,401,421,402,424,406,413,401,363,437,458,426,409,381,378,385,362,370,330
23301,Fresh and processed fruit,Processed fruit and fruit products,"Tinned peaches, pears and pineapples",,g,67,65,60,56,57,56,56,53,54,49,44,39,45,43,42,42,37,37,35,32,32,31,27,28,23,21,24,19,18,17,16,15,17,14,12,12,12,12,12,10,11
23601,Fresh and processed fruit,Processed fruit and fruit products,All other tinned or bottled fruit,,g,72,73,72,63,56,50,48,45,45,41,40,37,38,34,38,38,32,32,32,30,29,29,30,30,25,28,25,21,21,23,22,21,22,21,20,17,18,18,17,16,15
24001,Fresh and processed fruit,Processed fruit and fruit products,Dried fruit,,g,32,34,35,33,33,31,30,28,27,33,29,27,31,32,27,27,25,26,24,23,22,22,21,22,21,19,22,17,19,17,19,22,23,21,21,20,21,19,19,20,17
24101,Fresh and processed fruit,Processed fruit and fruit products,"Frozen strawberries, apple slices, peach halves, oranges and other frozen fruits",,g,2,4,4,4,4,3,4,3,3,2,1,2,1,2,1,1,1,4,4,3,4,4,3,3,3,4,4,1,1,1,1,1,2,2,3,1,2,2,2,2,3
245,Fresh and processed fruit,Processed fruit and fruit products,"Nuts, edible seeds and peanut butter",,g,9,10,12,12,11,13,15,13,14,15,15,15,17,21,18,17,19,19,20,21,20,18,20,18,17,16,18,20,21,22,26,28,29,28,28,29,30,28,30,34,37
24502,Fresh and processed fruit,Processed fruit and fruit products,"Nuts, edible seeds and peanut butter",Nuts and edible seeds,g,8,8,10,11,10,12,13,12,12,13,13,13,15,18,15,14,16,16,17,19,17,15,17,16,14,14,15,17,18,19,23,25,26,25,25,26,25,24,26,29,32
24503,Fresh and processed fruit,Processed fruit and fruit products,"Nuts, edible seeds and peanut butter",Peanut butter,g,1,1,2,2,1,2,2,2,2,2,2,2,2,3,2,2,2,2,3,3,3,2,3,2,2,2,2,3,3,3,3,3,3,3,3,3,4,4,4,5,5
24801,Fresh and processed fruit,Processed fruit and fruit products,Pure fruit juices (g),,ml,34,42,42,45,57,70,97,126,136,164,167,165,216,228,235,238,225,278,247,263,267,272,282,301,332,315,332,327,333,322,280,350,366,340,325,302,296,307,282,288,247
251263,Bread,,,,g,1019,1029,1015,1000,982,958,949,953,946,938,935,947,942,935,926,899,859,811,816,819,820,818,819,810,805,779,782,770,757,728,695,701,692,677,659,656,634,621,615,607,555
cat850,Bread,White bread,,,g,860,847,809,788,767,706,668,667,663,636,613,592,505,489,476,468,451,419,463,463,472,478,479,469,479,450,461,456,431,410,353,336,310,304,301,297,281,259,266,247,222
25102,Bread,White bread,"White bread, standard, unsliced",,g,251,252,246,267,248,228,208,205,186,167,148,131,146,145,143,155,138,78,70,74,78,73,74,66,64,63,65,58,54,46,65,42,40,35,33,30,28,24,25,25,22
25202,Bread,White bread,"White bread, standard, sliced",,g,609,595,564,521,519,478,460,462,476,469,464,460,360,344,333,314,312,341,326,332,342,359,287,243,243,257,247,360,352,353,273,281,263,265,264,264,249,232,239,218,196
25701,Bread,White bread,"White bread, premium, sliced and unsliced",,g,,,,,,,,,,,,,,,,,,,38,34,34,31,99,143,152,123,139,34,21,9,12,9,4,2,2,2,2,2,1,1,0
25801,Bread,White bread,"White bread, soft grain, sliced and unsliced",,g,,,,,,,,,,,,,,,,,,,29,25,19,15,19,17,20,8,10,4,4,2,3,3,3,2,2,2,2,1,1,3,3
cat851,Bread,Brown and wholemeal bread,,,g,81,101,110,114,117,149,171,170,165,180,201,225,281,258,253,238,224,224,219,215,202,187,185,184,163,170,162,141,146,139,165,186,188,176,168,173,164,175,158,156,150
25901,Bread,Brown and wholemeal bread,"Brown bread, sliced and unsliced",,g,65,80,90,91,96,115,123,111,102,97,105,114,116,112,120,112,106,112,101,102,90,86,77,86,75,75,64,36,46,38,45,41,36,36,39,37,38,41,36,31,25
26001,Bread,Brown and wholemeal bread,"Wholemeal and granary bread, sliced and unsliced",,g,17,21,20,23,21,34,48,59,64,83,96,110,166,145,133,126,118,113,119,113,112,102,108,98,88,95,98,106,100,101,120,145,151,140,130,136,127,134,123,125,125
263,Bread,Total other bread,,,g,77,81,95,99,97,103,111,115,118,121,121,131,155,188,198,192,184,168,134,140,145,153,155,158,163,159,160,173,180,179,178,179,194,197,190,186,188,186,191,203,183
26302,Bread,Total other bread,"Rolls - white, brown or wholemeal",,g,52,55,30,32,66,70,75,78,80,82,77,82,84,90,91,86,86,79,75,73,80,81,77,75,75,73,74,75,78,74,73,68,74,72,70,70,68,62,59,64,62
26303,Bread,Total other bread,Malt bread and fruit loaves,,g,5,5,9,8,6,6,7,7,7,7,6,6,8,6,7,7,5,7,6,6,7,6,7,8,8,7,8,9,8,7,8,9,9,10,9,9,9,7,7,8,6
26304,Bread,Total other bread,Vienna and french bread,,g,6,6,36,42,8,8,9,9,9,10,11,10,13,12,14,14,16,15,20,22,22,25,28,33,33,32,30,31,32,28,27,29,31,29,27,26,28,27,28,27,26
26305,Bread,Total other bread,Starch reduced bread and rolls,,g,2,2,4,5,3,3,3,3,4,4,4,4,3,3,5,5,5,5,10,11,10,11,6,6,7,5,6,8,9,12,10,10,10,9,11,9,8,9,6,6,5
26308,Bread,Total other bread,Other breads,,g,8,8,10,7,10,10,11,12,12,12,14,18,30,49,52,52,46,40,17,21,20,22,28,27,30,31,33,37,40,44,45,49,55,62,58,57,59,66,74,80,67
26309,Bread,Total other bread,Sandwiches,,g,3,3,4,3,4,4,4,5,5,5,6,7,12,19,20,20,18,16,4,4,5,6,5,6,8,7,6,8,8,9,9,9,10,10,10,10,12,12,12,13,12
26310,Bread,Total other bread,Sandwiches from takeaway,,g,1,1,2,1,1,1,1,1,1,1,2,3,5,8,9,9,8,7,2,2,2,2,2,2,3,3,3,3,3,3,3,3,3,3,3,2,3,2,3,3,3
26311,Bread,Total other bread,Takeaway breads,,g,,,,,,,,,,,,,,,,,,,,,,,,,,,,2,2,2,2,2,2,2,2,2,2,2,2,2,2
26401,Flour,,,,g,162,156,178,191,177,171,169,177,156,147,129,121,123,116,108,97,95,85,84,86,65,60,72,56,57,58,69,55,61,52,55,60,54,54,63,58,58,71,73,57,52
267270,"Cakes, buns and pastries",,,,g,184,173,159,157,153,162,153,154,153,146,145,141,146,151,148,144,146,166,163,167,175,173,189,194,183,180,187,163,164,164,164,168,165,159,153,158,153,151,149,150,147
270,"Cakes, buns and pastries",Cakes and pastries,,,g,154,137,125,124,118,126,123,124,121,116,114,110,113,117,113,108,109,123,119,124,133,133,136,145,136,135,138,126,122,120,117,122,120,115,111,111,108,105,105,103,99
27001,"Cakes, buns and pastries",Cakes and pastries,"Cakes and pastries, not frozen",,g,154,137,125,124,118,126,123,124,121,116,114,110,113,117,113,108,109,123,119,124,133,133,136,145,136,135,138,125,121,119,116,121,119,114,110,110,106,104,104,102,98
27002,"Cakes, buns and pastries",Cakes and pastries,Takeaway pastries,,g,,,,,,,,,,,,,,,,,,,,,,,,,,,,1,1,1,1,1,1,1,1,1,1,1,1,1,1
26701,"Cakes, buns and pastries","Buns, scones and teacakes",,,g,30,36,35,33,35,36,30,30,32,31,31,32,33,34,35,36,37,43,44,43,42,40,53,49,47,45,49,37,41,44,47,46,45,44,43,47,45,46,45,47,48
271277,Biscuits and crispbreads,,,,g,214,211,213,213,207,210,205,204,214,208,201,198,206,202,200,199,199,196,198,190,184,181,202,185,183,177,189,166,174,163,165,165,165,163,170,169,162,164,160,165,162
27702,Biscuits and crispbreads,Chocolate biscuits,,,g,43,36,37,35,40,43,42,44,49,53,49,51,49,55,56,58,55,57,59,62,61,59,70,68,68,67,71,67,69,62,58,58,56,49,53,55,52,52,50,51,51
274,Biscuits and crispbreads,Biscuits other than chocolate,,,g,158,164,166,168,156,157,152,148,155,146,143,139,148,139,135,133,136,132,131,121,115,115,124,109,108,103,109,93,98,95,100,99,102,107,110,108,103,105,103,106,105
27402,Biscuits and crispbreads,Biscuits other than chocolate,Sweet biscuits (not chocolate) and cereal bars,,g,129,135,135,137,128,129,125,122,127,119,117,114,121,114,111,109,111,108,108,99,94,98,105,95,94,89,95,80,86,83,87,86,90,94,99,95,92,93,92,93,93
27403,Biscuits and crispbreads,Biscuits other than chocolate,Cream crackers and other unsweetened biscuits,,g,29,29,31,31,28,28,27,27,28,26,26,25,27,25,24,24,24,24,24,22,21,17,19,14,14,14,14,13,13,13,14,13,13,13,12,13,11,12,12,13,12
27101,Biscuits and crispbreads,Crispbread,,,g,13,11,10,10,11,10,10,11,11,9,9,8,9,8,9,8,8,8,8,8,8,7,7,8,7,7,9,6,6,6,7,7,7,6,6,6,7,7,7,8,7
281301,Other cereals and cereal products,,,,g,264,265,276,276,279,287,297,296,291,292,302,299,323,335,335,350,347,381,386,372,376,421,476,462,431,447,470,510,515,506,498,532,530,536,535,548,556,547,542,549,560
28101,Other cereals and cereal products,Oatmeal and oat products,,,g,13,13,12,13,12,12,11,12,9,12,11,13,14,13,16,14,13,18,14,13,10,10,12,15,10,12,14,12,13,12,14,19,17,19,20,21,21,20,22,24,23
282,Other cereals and cereal products,Breakfast cereals,,,g,77,82,87,89,93,91,94,95,95,103,111,109,118,119,120,120,121,127,124,121,126,127,132,127,128,126,135,133,132,134,131,135,135,130,130,133,133,132,128,127,126
28202,Other cereals and cereal products,Breakfast cereals,Muesli,,g,8,8,9,9,9,9,9,10,9,10,11,11,12,12,12,12,12,13,18,15,16,16,12,13,11,13,16,16,16,18,18,20,18,19,18,18,19,19,18,19,19
28203,Other cereals and cereal products,Breakfast cereals,High fibre breakfast cereals,,g,29,31,33,34,35,35,36,36,36,39,42,41,45,45,46,45,46,48,50,50,50,49,56,54,55,47,50,54,54,55,54,59,60,56,54,55,53,52,48,46,48
28204,Other cereals and cereal products,Breakfast cereals,Sweetened breakfast cereals,,g,19,21,22,22,23,23,24,24,24,26,28,27,29,30,30,30,30,32,23,22,26,27,25,27,26,37,39,34,36,33,34,32,30,29,33,35,33,33,32,31,33
28205,Other cereals and cereal products,Breakfast cereals,Other breakfast cereals,,g,21,22,24,24,25,25,25,26,26,28,30,29,32,32,32,32,33,34,34,34,34,35,39,33,36,30,29,28,26,29,25,24,28,26,25,25,27,29,29,30,27
285,Other cereals and cereal products,Canned milk puddings,,,g,59,56,55,49,43,44,35,37,35,31,32,30,31,33,31,31,30,34,33,33,34,37,35,34,32,31,30,26,28,28,28,27,27,28,29,28,26,26,25,25,25
28502,Other cereals and cereal products,Canned milk puddings,Canned or fresh carton custard,,g,29,28,27,24,22,22,17,18,17,16,16,15,15,16,15,16,15,17,16,17,17,19,17,17,16,16,15,12,13,14,15,15,16,16,17,16,16,15,15,15,15
28503,Other cereals and cereal products,Canned milk puddings,All canned milk puddings,,g,29,28,27,24,22,22,17,18,17,16,16,15,15,16,15,16,15,17,16,17,17,19,17,17,16,16,15,14,16,14,13,12,11,12,11,12,10,11,9,10,10
28601,Other cereals and cereal products,Puddings,,,g,10,9,8,7,7,7,7,6,6,8,7,7,8,8,8,7,7,8,6,6,6,7,9,7,8,8,7,10,9,9,11,11,10,11,11,11,12,11,9,9,10
287,Other cereals and cereal products,Rice,,,g,17,17,20,21,19,23,31,26,22,28,31,27,28,36,28,33,32,41,41,41,41,58,92,82,66,74,69,80,84,80,79,90,87,94,90,92,92,92,92,95,103
28702,Other cereals and cereal products,Rice,Dried rice,,g,9,9,11,11,10,12,16,14,12,15,16,14,15,19,15,18,17,22,22,21,22,46,76,65,48,58,54,53,59,55,53,65,60,66,63,63,63,64,62,63,68
28703,Other cereals and cereal products,Rice,Cooked rice,,g,1,1,1,1,1,1,2,1,1,1,2,1,1,2,1,2,2,2,2,2,2,1,2,2,2,2,1,5,4,5,5,5,6,8,11,11,13,12,14,15,19
28704,Other cereals and cereal products,Rice,Takeaway rice,,g,7,7,9,9,8,10,13,11,9,12,13,11,12,15,12,14,13,17,17,17,17,11,14,15,17,14,13,22,20,20,21,20,21,20,16,18,17,16,16,17,17
29001,Other cereals and cereal products,"Invalid foods, slimming foods and sports foods",,,g,1,0,0,0,0,0,0,0,1,0,0,0,0,0,0,0,0,0,1,0,0,0,0,0,0,0,1,2,4,5,4,2,5,3,3,4,3,4,4,4,4
29101,Other cereals and cereal products,Infant cereal foods,,,g,5,4,5,4,5,5,4,4,4,4,4,5,4,4,4,4,4,3,3,3,2,2,1,3,2,1,2,1,1,1,1,1,1,1,1,1,1,1,1,1,1
29402,Other cereals and cereal products,Cakes and pastries - frozen,,,g,4,5,6,7,8,9,11,12,13,9,10,13,12,13,15,17,18,16,21,23,24,26,21,18,16,17,18,14,12,13,9,8,8,8,10,10,8,7,11,9,9
295,Other cereals and cereal products,Pasta,,,g,31,15,15,16,16,17,18,17,18,38,35,34,36,35,34,36,32,31,34,33,33,33,37,32,58,64,73,89,88,83,81,89,87,92,91,91,95,91,91,90,87
29501,Other cereals and cereal products,Pasta,Canned pasta,,g,31,15,15,16,16,17,18,17,18,38,35,34,36,35,34,36,32,31,34,33,33,33,37,32,27,26,30,30,29,25,24,26,24,24,25,23,20,20,21,19,17
29502,Other cereals and cereal products,Pasta,Dried and fresh pasta,,g,,,,,,,,,,,,,,,,,,,,,,,,,30,37,43,59,58,58,56,62,61,67,66,67,73,70,69,70,70
29503,Other cereals and cereal products,Pasta,Takeaway pasta and noodles,,g,,,,,,,,,,,,,,,,,,,,,,,,,,,,1,1,1,1,1,1,1,1,1,1,1,1,1,1
296,Other cereals and cereal products,Pizza,,,g,0,4,4,4,4,4,4,4,4,14,16,17,20,22,26,31,35,35,36,39,38,51,55,57,57,62,57,70,66,67,69,74,70,73,70,71,76,76,80,78,75
29601,Other cereals and cereal products,Pizza,"Pizzas, frozen and not frozen",,g,0,2,2,2,2,2,2,2,2,13,14,15,18,19,21,25,27,28,28,30,30,39,45,47,45,48,44,50,47,48,49,52,50,51,49,54,54,55,55,57,53
29602,Other cereals and cereal products,Pizza,Takeaway pizza,,g,0,2,2,2,2,2,2,2,2,1,1,1,2,3,4,6,8,7,8,9,8,12,10,10,12,14,13,20,18,19,20,22,20,22,20,17,22,21,25,21,22
299,Other cereals and cereal products,Other cereal convenience foods,,,g,41,53,55,59,63,67,71,73,75,34,34,35,38,40,38,40,39,51,54,41,42,47,57,58,51,49,62,70,73,70,68,71,76,71,75,79,84,79,72,81,89
29907,Other cereals and cereal products,Other cereal convenience foods,"Cake, pudding and dessert mixes",,g,7,14,14,15,15,16,16,16,16,11,11,10,10,11,8,8,7,7,7,6,5,5,6,5,5,4,4,9,10,6,6,6,6,5,6,5,6,6,7,6,6
29909,Other cereals and cereal products,Other cereal convenience foods,Cereal snacks,,g,16,10,10,11,11,11,12,12,12,5,5,6,7,7,7,8,8,12,13,9,10,12,10,13,14,12,14,21,24,19,18,17,18,17,17,19,20,21,20,22,23
29915,Other cereals and cereal products,Other cereal convenience foods,"Quiches and flans, frozen and not frozen",,g,2,1,1,3,3,3,3,3,3,4,4,4,4,4,4,4,5,5,5,5,5,5,6,6,6,6,11,11,12,13,13,12,12,12,12,11,11,11,9,11,10
29916,Other cereals and cereal products,Other cereal convenience foods,"Takeaway crisps, savoury snacks, popcorn, popadums, prawn crackers",,g,1,1,1,1,1,1,1,1,1,1,1,1,1,1,1,1,1,1,2,1,1,1,1,1,2,1,2,1,1,1,1,1,1,1,1,1,1,1,1,1,1
29919,Other cereals and cereal products,Other cereal convenience foods,"Other cereal foods, frozen and not frozen",,g,15,26,29,30,33,35,39,41,43,13,13,14,16,17,17,19,19,26,28,20,20,24,34,32,24,24,31,29,27,31,31,35,38,36,39,42,45,41,36,41,49
30101,Other cereals and cereal products,Other cereals,,,g,6,6,8,7,9,8,11,10,9,11,11,10,15,14,15,16,16,16,20,20,20,22,26,28,3,2,3,5,6,4,4,5,7,6,6,7,6,7,7,6,7
304313,Beverages,,,,g,107,103,105,97,93,102,99,99,97,100,92,90,93,92,90,89,84,86,81,77,75,74,77,71,68,68,70,60,58,56,56,57,55,56,55,54,56,53,53,52,52
30401,Beverages,Tea,,,g,68,66,67,62,60,64,62,60,61,62,55,53,53,52,50,49,46,45,41,39,41,42,41,39,37,35,36,34,34,31,31,33,30,30,30,29,28,27,26,25,25
30701,Beverages,Coffee beans and ground coffee,,,g,3,3,3,2,2,3,3,3,3,4,4,4,5,4,5,4,4,4,4,5,4,5,5,4,4,4,4,3,3,4,3,3,3,4,3,3,5,4,6,5,8
30801,Beverages,Instant coffee,,,g,15,15,15,11,14,16,16,16,16,16,17,17,17,16,16,15,15,16,15,15,14,13,14,12,13,11,12,13,12,13,13,13,14,13,14,15,15,14,13,14,12
30901,Beverages,Coffee essences,,,ml,2,1,1,2,1,1,1,1,1,1,0,0,0,0,0,0,0,0,0,0,0,0,0,0,0,0,0,0,0,0,0,0,0,0,0,0,0,0,0,0,0
31001,Beverages,Tea and coffee from takeaway,,,ml,,,,,,,,,,,,,,,,,,,,,,,,,,,,,0,0,0,0,0,1,0,0,0,0,0,1,1
31201,Beverages,Cocoa and chocolate drinks,,,g,10,9,10,10,8,8,8,10,9,10,10,10,11,12,11,10,11,9,8,7,6,5,8,7,7,9,9,5,4,4,4,5,5,5,5,5,5,5,5,5,5
31301,Beverages,Malt drinks and chocolate versions of malted drinks,,,g,9,8,8,10,8,11,9,8,7,8,7,7,8,8,8,10,8,11,12,11,10,9,10,9,6,9,9,4,4,4,4,3,3,3,2,2,3,2,2,2,2
314339,Other food and drink,,,,g,291,267,280,271,282,293,298,305,312,327,327,334,344,355,366,403,399,423,465,446,462,498,504,538,524,529,584,649,670,699,697,710,764,721,675,705,706,726,776,778,787
31401,Other food and drink,Mineral or spring waters,,,ml,,,,,,,,,,12,8,17,21,30,36,73,77,97,135,122,125,151,143,172,170,184,204,197,210,236,251,253,292,258,225,236,245,256,305,306,341
31501,Other food and drink,Baby foods,,,g,26,16,16,10,9,11,9,7,7,9,9,9,11,10,10,11,11,8,8,6,6,7,6,8,7,7,7,8,8,9,7,8,9,10,9,11,8,10,10,10,10
31801,Other food and drink,Soups - canned or cartons,,,g,101,88,92,81,80,86,81,82,77,79,78,79,74,81,81,79,70,71,72,67,69,66,73,72,73,68,72,79,80,77,76,82,79,79,76,78,76,75,85,79,70
31901,Other food and drink,Soups - dehydrated or powdered,,,g,4,4,4,3,4,4,3,4,4,4,4,5,5,4,4,4,3,4,3,4,3,3,4,3,3,3,3,4,4,3,4,4,4,4,4,4,4,4,4,4,3
32001,Other food and drink,Soups - from takeaway,,,g,,,,,,,,,,,,,,,,,,,,,,,,,,,,0,0,0,0,1,1,1,0,1,1,0,0,0,0
323,Other food and drink,Spreads and dressings,,,g,9,9,9,9,9,10,10,11,12,13,14,14,17,17,17,17,18,18,20,20,20,20,22,23,22,23,24,32,33,34,38,38,39,42,41,44,42,44,45,47,44
32302,Other food and drink,Spreads and dressings,Salad dressings,,g,7,7,7,7,8,9,9,9,11,11,12,12,14,14,14,14,15,16,17,18,18,18,20,20,20,20,22,29,29,31,33,33,34,37,35,37,36,36,36,37,35
32303,Other food and drink,Spreads and dressings,Other spreads and dresssings,,g,1,1,1,1,1,2,2,2,2,2,2,2,3,3,3,3,3,3,2,2,2,2,2,3,2,3,2,3,4,4,5,5,5,5,6,7,6,8,9,10,10
327,Other food and drink,Pickles and sauces,,,g,52,57,56,55,58,61,61,67,66,72,70,72,73,71,77,79,80,82,86,91,91,95,99,109,112,107,126,121,123,121,120,125,128,129,130,132,131,131,129,130,128
32702,Other food and drink,Pickles and sauces,Pickles,,g,6,7,7,7,7,7,7,8,8,9,9,9,9,9,9,10,10,10,10,11,11,12,12,13,14,13,15,19,18,15,13,12,14,13,13,12,12,13,13,13,13
32703,Other food and drink,Pickles and sauces,Sauces,,g,44,48,47,46,49,51,51,57,56,61,59,60,61,59,65,66,67,69,72,76,77,80,83,91,94,90,106,102,105,106,106,112,114,115,117,119,118,117,115,116,113
32704,Other food and drink,Pickles and sauces,Takeaway sauces and mayonnnaise,,g,2,2,2,2,2,2,2,3,3,3,3,3,3,3,3,3,3,3,3,3,3,4,4,4,4,4,5,1,1,1,1,1,1,1,1,0,0,1,1,1,1
32801,Other food and drink,Stock cubes and meat and yeast extracts,,,g,6,5,6,6,6,6,6,6,5,5,6,6,6,6,6,6,5,5,5,5,4,4,5,5,4,4,5,4,5,4,4,4,4,4,4,5,6,5,5,5,5
32901,Other food and drink,Jelly squares or crystals,,,g,13,11,12,10,10,10,10,9,9,9,9,8,7,7,7,6,6,5,5,4,4,4,3,3,3,2,3,4,4,4,4,4,4,5,5,4,5,4,4,5,5
33203,Other food and drink,Ice cream tub or block,,,ml,27,32,37,41,48,46,53,52,64,59,63,61,66,68,68,70,71,72,88,83,93,96,80,64,55,65,70,113,115,122,109,107,114,106,98,99,97,106,103,99,88
333,Other food and drink,Ice cream products including takeaways,,,ml,16,20,23,25,29,28,32,32,39,36,39,37,40,41,41,43,43,44,26,28,30,34,49,62,60,49,55,70,71,71,68,67,77,67,67,74,74,74,70,77,77
33302,Other food and drink,Ice cream products including takeaways,"Ice cream cornets, choc-ices, lollies with ice cream",,ml,13,16,18,20,23,22,25,25,31,29,30,29,32,33,33,34,34,34,19,21,22,25,37,50,51,36,43,43,47,45,42,42,46,41,42,45,45,39,39,39,43
33303,Other food and drink,Ice cream products including takeaways,"Ice lollies, sorbet, frozen mousse, frozen yoghurt",,ml,3,4,5,5,6,6,7,7,8,8,8,8,8,9,9,9,9,9,7,7,8,9,13,12,8,13,12,25,22,24,23,23,29,24,24,28,28,34,29,37,33
33304,Other food and drink,Ice cream products including takeaways,"Takeaway ice cream, ice cream products, milkshakes",,ml,,,,,,,,,,,,,,,,,,,,,,,,,,,,2,2,2,2,2,2,2,2,1,1,1,1,1,1
33901,Other food and drink,Soya and novel protein foods,,,g,0,0,0,2,1,1,1,1,0,0,1,1,1,1,1,1,0,2,2,2,3,3,5,6,5,5,5,5,5,5,6,6,5,6,6,7,7,7,7,6,8
33401,Other food and drink,Salt,,,g,37,25,26,29,27,30,32,34,28,27,26,27,24,20,17,15,15,15,15,14,14,13,15,12,9,11,9,12,11,10,9,11,8,9,9,9,11,9,9,8,7
32101,Other food and drink,Other takeaway food brought home,,,g,,,,,,,,,,,,,,,,,,,,,,,,,,,,0,0,0,0,0,0,0,0,0,0,0,0,0,0
32201,Other food and drink,Meals on wheels - items not specified,,,g,,,,,,,,,,,,,,,,,,,,,,,,,,,,0,1,1,1,1,1,1,1,0,1,0,0,0,0
340344,Soft drinks,,,,ml,,,,,,,,,,,,,,,,,,,1448,1471,1513,1654,1604,1625,1542,1584,1699,1745,1757,1933,1832,1718,1807,1686,1682,1678,1718,1630,1633,1664,1546
34001,Soft drinks,"Soft drinks, concentrated, not low calorie (h)",,,ml,,,,,,,,,,,,,,,,,,,731,647,613,602,601,586,551,600,613,608,587,660,626,600,638,573,587,583,532,379,335,321,258
34101,Soft drinks,"Soft drinks, not concentrated,  not low calorie",,,ml,,,,,,,,,,,,,,,,,,,426,469,484,548,528,522,507,502,571,658,678,762,765,676,635,605,606,625,607,576,549,557,516
34301,Soft drinks,"Soft drinks, concentrated, low calorie (h)",,,ml,,,,,,,,,,,,,,,,,,,103,145,197,240,201,235,193,191,187,144,153,148,135,132,171,172,168,160,234,286,340,354,367
34401,Soft drinks,"Soft drinks, not concentrated, low calorie",,,ml,,,,,,,,,,,,,,,,,,,189,210,220,264,273,282,290,292,329,335,339,362,306,310,363,337,321,309,345,390,409,433,406
350355,Confectionery,,,,g,,,,,,,,,,,,,,,,,,,121,124,120,125,138,134,131,126,151,128,127,129,131,123,123,129,131,134,131,134,126,128,130
35001,Confectionery,Chocolate bars - solid,,,g,,,,,,,,,,,,,,,,,,,27,28,26,29,30,28,29,26,33,27,27,27,30,30,31,32,31,31,32,31,33,35,36
35101,Confectionery,Chocolate bars - filled,,,g,,,,,,,,,,,,,,,,,,,56,56,57,58,65,68,66,63,80,57,56,59,60,54,54,56,57,59,57,58,50,50,51
35202,Confectionery,Chewing gum,,,g,,,,,,,,,,,,,,,,,,,1,1,1,1,1,1,2,1,1,2,2,2,3,2,2,3,3,2,2,2,2,1,1
353,Confectionery,Mints and boiled sweets,,,g,,,,,,,,,,,,,,,,,,,33,34,31,32,34,32,30,30,31,37,38,37,35,34,33,35,37,38,37,38,38,38,38
35301,Confectionery,Mints and boiled sweets,Mints,,g,,,,,,,,,,,,,,,,,,,3,2,2,2,4,4,5,4,5,4,5,4,4,4,4,4,4,4,4,3,2,2,2
35302,Confectionery,Mints and boiled sweets,Boiled sweets,,g,,,,,,,,,,,,,,,,,,,30,32,29,30,29,28,25,26,26,33,33,32,31,29,29,31,33,34,33,35,36,36,37
35401,Confectionery,"Fudges, toffees, caramels",,,g,,,,,,,,,,,,,,,,,,,4,4,5,5,7,5,5,5,5,4,4,4,4,4,3,3,3,4,4,3,4,3,3
35501,Confectionery,Takeaway confectionery,,,g,,,,,,,,,,,,,,,,,,,,,,,,,,,,0,0,0,0,0,0,0,0,0,0,0,0,0,0
380389,Alcoholic drinks,,,,ml,,,,,,,,,,,,,,,,,,,527,536,552,627,656,653,645,640,725,735,726,792,763,739,760,772,706,744,762,728,700,694,675
38102,Alcoholic drinks,Beers,,,ml,,,,,,,,,,,,,,,,,,,115,112,122,131,137,139,116,113,124,108,112,105,96,85,99,100,86,107,103,88,86,76,74
38202,Alcoholic drinks,Lagers and continental beers,,,ml,,,,,,,,,,,,,,,,,,,183,185,189,207,214,226,224,216,264,278,268,311,299,291,294,284,264,264,274,251,240,254,249
38302,Alcoholic drinks,Ciders and perry,,,ml,,,,,,,,,,,,,,,,,,,47,44,52,77,82,58,61,60,58,55,50,64,55,52,59,75,69,82,79,87,80,87,78
384,Alcoholic drinks,Wine and champagne,,,ml,,,,,,,,,,,,,,,,,,,130,145,144,162,168,179,198,197,216,222,220,237,249,249,245,251,232,236,244,246,237,226,217
38402,Alcoholic drinks,Wine and champagne,"Champagne, sparkling wines and wine with mixer",,ml,,,,,,,,,,,,,,,,,,,3,3,2,2,7,6,4,4,5,10,9,11,12,10,12,12,8,8,15,11,11,13,16
38403,Alcoholic drinks,Wine and champagne,Table wine,,ml,,,,,,,,,,,,,,,,,,,128,142,142,160,162,174,194,193,211,212,211,226,237,239,233,239,224,227,229,235,226,214,201
38501,Alcoholic drinks,Spirits with mixer,,,ml,,,,,,,,,,,,,,,,,,,1,1,1,1,3,2,2,2,2,0,0,1,1,0,1,0,0,1,1,1,1,1,2
38601,Alcoholic drinks,Fortified wines,,,ml,,,,,,,,,,,,,,,,,,,22,19,19,18,19,16,14,16,16,15,19,14,12,13,10,12,10,9,9,10,8,8,8
38701,Alcoholic drinks,Spirits,,,ml,,,,,,,,,,,,,,,,,,,27,29,25,29,30,27,26,30,32,35,33,35,33,32,34,36,31,33,34,31,34,30,33
38801,Alcoholic drinks,Liqueurs and cocktails,,,ml,,,,,,,,,,,,,,,,,,,2,2,2,2,1,3,3,3,3,4,5,6,5,5,6,6,7,6,8,6,6,6,8
38901,Alcoholic drinks,Alcopops,,,ml,,,,,,,,,,,,,,,,,,,0,0,0,0,0,2,1,4,10,18,18,19,14,11,12,8,8,7,9,9,8,5,6
